<?xml version="1.0" encoding="UTF-8"?>
<!--
    Copyright (c) 2005, 2009 IBM Corporation and others.
    
    This program and the accompanying materials are made available under the 
    terms of the Eclipse Public License 2.0 which is available at
    http://www.eclipse.org/legal/epl-2.0.
    
    SPDX-License-Identifier: EPL-2.0
   
    Contributors:
        IBM Corporation - initial API and implementation
 -->
<feature
      id="org.eclipse.draw2d"
      label="%featureName"
      version="3.22.0.202411181923"
      provider-name="%providerName">

   <description>
      %description
   </description>

   <copyright>
      %copyright
   </copyright>

   <license url="%licenseURL">
      %license
   </license>

   <url>
      <update label="%updateSiteName" url="https://download.eclipse.org/tools/gef/classic/releases/latest"/>
      <discovery label="%updateSiteName" url="https://download.eclipse.org/tools/gef/classic/releases/latest"/>
   </url>

   <plugin
         id="org.eclipse.draw2d"
         download-size="670"
         install-size="1293"
         version="3.18.0.202411181923"
         unpack="false"/>

</feature>
