<?xml version="1.0" encoding="UTF-8"?>
<feature
      id="org.eclipse.jgit.gpg.bc"
      label="%featureName"
      version="7.1.0.202411261347-r"
      provider-name="%providerName">

   <description url="http://www.eclipse.org/jgit/">
      %description
   </description>

   <copyright>
      %copyright
   </copyright>

   <license url="%licenseURL">
      %license
   </license>

   <url>
      <update label="%updateSiteName" url="https://download.eclipse.org/egit/updates"/>
      <discovery label="%updateSiteName" url="https://download.eclipse.org/egit/updates"/>
   </url>

   <requires>
      <import plugin="org.eclipse.jgit" version="7.1.0" match="equivalent"/>
   </requires>

   <plugin
         id="org.eclipse.jgit.gpg.bc"
         download-size="51"
         install-size="97"
         version="7.1.0.202411261347-r"
         fragment="true"
         unpack="false"/>

</feature>
