<?xml version="1.0" encoding="UTF-8"?>
<config date="1732786546632" transient="false">
	<site updateable="true" url="platform:/base/" enabled="true" policy="USER-EXCLUDE">
		<feature id="org.eclipse.emf.codegen.ecore.ui" version="2.40.0.v20240911-1442" url="features/org.eclipse.emf.codegen.ecore.ui_2.40.0.v20240911-1442/">
		</feature>
		<feature id="org.eclipse.wst.common_ui.feature" version="3.36.0.v202410202228" url="features/org.eclipse.wst.common_ui.feature_3.36.0.v202410202228/">
		</feature>
		<feature id="org.eclipse.mylyn.github.feature" version="6.6.0.v20241002-1142" url="features/org.eclipse.mylyn.github.feature_6.6.0.v20241002-1142/" plugin-identifier="org.eclipse.mylyn.tasks.core">
		</feature>
		<feature id="org.eclipse.oomph.setup" version="1.34.0.v20241121-1452" url="features/org.eclipse.oomph.setup_1.34.0.v20241121-1452/">
		</feature>
		<feature id="org.eclipse.emf.codegen.ecore" version="2.40.0.v20240911-1442" url="features/org.eclipse.emf.codegen.ecore_2.40.0.v20240911-1442/">
		</feature>
		<feature id="org.eclipse.jst.server_userdoc.feature" version="3.3.300.v201901310132" url="features/org.eclipse.jst.server_userdoc.feature_3.3.300.v201901310132/">
		</feature>
		<feature id="org.eclipse.wst.ws_userdoc.feature" version="3.1.501.v201909051708" url="features/org.eclipse.wst.ws_userdoc.feature_3.1.501.v201909051708/">
		</feature>
		<feature id="org.eclipse.jst.common.fproj.enablement.jdt" version="3.30.0.v202405122323" url="features/org.eclipse.jst.common.fproj.enablement.jdt_3.30.0.v202405122323/" plugin-identifier="org.eclipse.jst.common.project.facet.core">
		</feature>
		<feature id="org.eclipse.mylyn.team.feature" version="4.5.0.v20241002-1142" url="features/org.eclipse.mylyn.team.feature_4.5.0.v20241002-1142/" plugin-identifier="org.eclipse.mylyn.context.core">
		</feature>
		<feature id="org.eclipse.jst.web_userdoc.feature" version="3.6.1.v202309190220" url="features/org.eclipse.jst.web_userdoc.feature_3.6.1.v202309190220/">
		</feature>
		<feature id="org.eclipse.wst.xml_ui.feature" version="3.36.0.v202409282004" url="features/org.eclipse.wst.xml_ui.feature_3.36.0.v202409282004/" plugin-identifier="org.eclipse.wst.xml.ui">
		</feature>
		<feature id="org.eclipse.emf.ecore" version="2.39.0.v20241018-1213" url="features/org.eclipse.emf.ecore_2.39.0.v20241018-1213/">
		</feature>
		<feature id="org.eclipse.ecf.filetransfer.feature" version="3.14.1900.v20240812-1535" url="features/org.eclipse.ecf.filetransfer.feature_3.14.1900.v20240812-1535/">
		</feature>
		<feature id="org.eclipse.wst.xml.xpath2.processor.feature" version="2.1.0.v202409140028" url="features/org.eclipse.wst.xml.xpath2.processor.feature_2.1.0.v202409140028/" plugin-identifier="org.eclipse.wst.xml.xpath2">
		</feature>
		<feature id="org.eclipse.emf.mapping.ui" version="2.17.0.v20240911-1027" url="features/org.eclipse.emf.mapping.ui_2.17.0.v20240911-1027/">
		</feature>
		<feature id="org.eclipse.egit" version="7.1.0.202411261347-r" url="features/org.eclipse.egit_7.1.0.202411261347-r/">
		</feature>
		<feature id="org.eclipse.datatools.enablement.oda.designer.feature" version="1.15.0.202311071249" url="features/org.eclipse.datatools.enablement.oda.designer.feature_1.15.0.202311071249/" plugin-identifier="org.eclipse.datatools.enablement.oda.xml.ui">
		</feature>
		<feature id="org.eclipse.wildwebdeveloper.embedder.node.feature" version="1.2.0.202411190713" url="features/org.eclipse.wildwebdeveloper.embedder.node.feature_1.2.0.202411190713/">
		</feature>
		<feature id="org.eclipse.datatools.enablement.sybase.feature" version="1.15.0.202311071249" url="features/org.eclipse.datatools.enablement.sybase.feature_1.15.0.202311071249/" plugin-identifier="org.eclipse.datatools.enablement.sybase">
		</feature>
		<feature id="org.eclipse.jst.server_ui.feature" version="3.4.500.v202401292331" url="features/org.eclipse.jst.server_ui.feature_3.4.500.v202401292331/">
		</feature>
		<feature id="org.eclipse.m2e.logback.feature" version="2.7.0.20241001-1350" url="features/org.eclipse.m2e.logback.feature_2.7.0.20241001-1350/" plugin-identifier="org.eclipse.m2e.core">
		</feature>
		<feature id="org.eclipse.emf.databinding.edit" version="1.12.0.v20240604-0832" url="features/org.eclipse.emf.databinding.edit_1.12.0.v20240604-0832/">
		</feature>
		<feature id="org.eclipse.emf.common" version="2.33.0.v20240911-1027" url="features/org.eclipse.emf.common_2.33.0.v20240911-1027/">
		</feature>
		<feature id="org.eclipse.equinox.p2.core.feature" version="1.7.400.v20241019-1812" url="features/org.eclipse.equinox.p2.core.feature_1.7.400.v20241019-1812/">
		</feature>
		<feature id="org.eclipse.equinox.p2.user.ui" version="2.4.2600.v20241022-1057" url="features/org.eclipse.equinox.p2.user.ui_2.4.2600.v20241022-1057/">
		</feature>
		<feature id="org.eclipse.jst.ws.jaxws_userdoc.feature" version="1.0.403.v201909051708" url="features/org.eclipse.jst.ws.jaxws_userdoc.feature_1.0.403.v201909051708/">
		</feature>
		<feature id="org.eclipse.mylyn.git.feature" version="4.5.0.v20241002-1142" url="features/org.eclipse.mylyn.git.feature_4.5.0.v20241002-1142/" plugin-identifier="org.eclipse.mylyn.versions.core">
		</feature>
		<feature id="org.eclipse.jdt" version="3.20.0.v20241120-1800" url="features/org.eclipse.jdt_3.20.0.v20241120-1800/">
		</feature>
		<feature id="org.eclipse.jgit" version="7.1.0.202411261347-r" url="features/org.eclipse.jgit_7.1.0.202411261347-r/">
		</feature>
		<feature id="org.eclipse.epp.mpc" version="1.11.0.v20240709-1650" url="features/org.eclipse.epp.mpc_1.11.0.v20240709-1650/" plugin-identifier="org.eclipse.epp.mpc.ui">
		</feature>
		<feature id="org.eclipse.jst.enterprise_ui.feature" version="3.36.0.v202409282008" url="features/org.eclipse.jst.enterprise_ui.feature_3.36.0.v202409282008/" plugin-identifier="org.eclipse.jst.jee.ui">
		</feature>
		<feature id="org.eclipse.mylyn.commons.identity.feature" version="4.5.0.v20241002-1142" url="features/org.eclipse.mylyn.commons.identity.feature_4.5.0.v20241002-1142/" plugin-identifier="org.eclipse.mylyn.commons.core">
		</feature>
		<feature id="org.eclipse.jpt.jpa.feature" version="3.8.0.v202405180120" url="features/org.eclipse.jpt.jpa.feature_3.8.0.v202405180120/" plugin-identifier="org.eclipse.jpt.jpa.branding">
		</feature>
		<feature id="org.eclipse.mylyn.context.feature" version="4.5.0.v20241002-1142" url="features/org.eclipse.mylyn.context.feature_4.5.0.v20241002-1142/" plugin-identifier="org.eclipse.mylyn.context.core">
		</feature>
		<feature id="org.eclipse.m2e.wtp.feature" version="1.6.1.20231024-1618" url="features/org.eclipse.m2e.wtp.feature_1.6.1.20231024-1618/" plugin-identifier="org.eclipse.m2e.wtp">
		</feature>
		<feature id="org.eclipse.wst.ws_ui.feature" version="3.35.0.v202407071526" url="features/org.eclipse.wst.ws_ui.feature_3.35.0.v202407071526/">
		</feature>
		<feature id="org.eclipse.mylyn.reviews.feature" version="4.5.0.v20241002-1142" url="features/org.eclipse.mylyn.reviews.feature_4.5.0.v20241002-1142/" plugin-identifier="org.eclipse.mylyn.reviews.core">
		</feature>
		<feature id="org.eclipse.datatools.enablement.ingres.feature" version="1.15.0.202311071249" url="features/org.eclipse.datatools.enablement.ingres.feature_1.15.0.202311071249/" plugin-identifier="org.eclipse.datatools.enablement.finfo">
		</feature>
		<feature id="org.eclipse.equinox.p2.discovery.feature" version="1.3.600.v20240918-1902" url="features/org.eclipse.equinox.p2.discovery.feature_1.3.600.v20240918-1902/">
		</feature>
		<feature id="org.eclipse.tm4e.language_pack.feature" version="0.14.0.202410282056" url="features/org.eclipse.tm4e.language_pack.feature_0.14.0.202410282056/">
		</feature>
		<feature id="org.eclipse.eclemma.feature" version="3.1.9.202405260028" url="features/org.eclipse.eclemma.feature_3.1.9.202405260028/" plugin-identifier="org.eclipse.eclemma.ui">
		</feature>
		<feature id="org.eclipse.jdt.bcoview.feature" version="1.2.600.v20240925-0753" url="features/org.eclipse.jdt.bcoview.feature_1.2.600.v20240925-0753/">
		</feature>
		<feature id="org.eclipse.tm.terminal.control.feature" version="11.6.1.202407022003" url="features/org.eclipse.tm.terminal.control.feature_11.6.1.202407022003/" plugin-identifier="org.eclipse.tm.terminal.control">
		</feature>
		<feature id="org.eclipse.emf.common.ui" version="2.23.0.v20240911-1027" url="features/org.eclipse.emf.common.ui_2.23.0.v20240911-1027/">
		</feature>
		<feature id="org.eclipse.datatools.sdk.feature" version="1.16.1.202403060734" url="features/org.eclipse.datatools.sdk.feature_1.16.1.202403060734/" plugin-identifier="org.eclipse.datatools.sdk">
		</feature>
		<feature id="org.eclipse.datatools.sqldevtools.parsers.feature" version="1.16.0.202311071638" url="features/org.eclipse.datatools.sqldevtools.parsers.feature_1.16.0.202311071638/" plugin-identifier="org.eclipse.datatools.sqltools.parsers.sql">
		</feature>
		<feature id="org.eclipse.datatools.connectivity.doc.user" version="1.15.0.202311071249" url="features/org.eclipse.datatools.connectivity.doc.user_1.15.0.202311071249/">
		</feature>
		<feature id="org.eclipse.tm.terminal.connector.local.feature" version="11.6.1.202406241230" url="features/org.eclipse.tm.terminal.connector.local.feature_11.6.1.202406241230/">
		</feature>
		<feature id="org.eclipse.datatools.enablement.oracle.feature" version="1.15.0.202311071249" url="features/org.eclipse.datatools.enablement.oracle.feature_1.15.0.202311071249/" plugin-identifier="org.eclipse.datatools.enablement.finfo">
		</feature>
		<feature id="org.eclipse.jpt.jpa.eclipselink.feature" version="3.4.101.v202308172102" url="features/org.eclipse.jpt.jpa.eclipselink.feature_3.4.101.v202308172102/" plugin-identifier="org.eclipse.jpt.jpa.eclipselink.branding">
		</feature>
		<feature id="org.eclipse.datatools.enablement.msft.feature" version="1.16.0.202311071307" url="features/org.eclipse.datatools.enablement.msft.feature_1.16.0.202311071307/" plugin-identifier="org.eclipse.datatools.enablement.finfo">
		</feature>
		<feature id="org.eclipse.datatools.common.doc.user" version="1.15.0.202311071249" url="features/org.eclipse.datatools.common.doc.user_1.15.0.202311071249/">
		</feature>
		<feature id="org.eclipse.jst.ws.axis2tools.feature" version="1.2.0.v202405180419" url="features/org.eclipse.jst.ws.axis2tools.feature_1.2.0.v202405180419/" plugin-identifier="org.eclipse.jst.ws.axis2.ui">
		</feature>
		<feature id="org.eclipse.datatools.connectivity.feature" version="1.16.0.202311071345" url="features/org.eclipse.datatools.connectivity.feature_1.16.0.202311071345/" plugin-identifier="org.eclipse.datatools.connectivity">
		</feature>
		<feature id="org.eclipse.ecf.core.feature" version="1.6.2.v20240812-1535" url="features/org.eclipse.ecf.core.feature_1.6.2.v20240812-1535/">
		</feature>
		<feature id="org.eclipse.datatools.enablement.ibm.feature" version="1.15.0.202311071249" url="features/org.eclipse.datatools.enablement.ibm.feature_1.15.0.202311071249/" plugin-identifier="org.eclipse.datatools.enablement.ibm">
		</feature>
		<feature id="org.eclipse.datatools.connectivity.oda.designer.feature" version="1.15.0.202311071249" url="features/org.eclipse.datatools.connectivity.oda.designer.feature_1.15.0.202311071249/" plugin-identifier="org.eclipse.datatools.connectivity.oda.design.ui">
		</feature>
		<feature id="org.eclipse.mylyn.commons.notifications.feature" version="4.5.0.v20241002-1142" url="features/org.eclipse.mylyn.commons.notifications.feature_4.5.0.v20241002-1142/" plugin-identifier="org.eclipse.mylyn.commons.core">
		</feature>
		<feature id="org.eclipse.mylyn.ide.feature" version="4.5.0.v20241002-1142" url="features/org.eclipse.mylyn.ide.feature_4.5.0.v20241002-1142/" plugin-identifier="org.eclipse.mylyn.context.core">
		</feature>
		<feature id="org.eclipse.epp.package.jee.feature" version="4.34.0.20241128-0756" url="features/org.eclipse.epp.package.jee.feature_4.34.0.20241128-0756/" plugin-identifier="org.eclipse.epp.package.jee">
		</feature>
		<feature id="org.eclipse.ecf.core.ssl.feature" version="1.1.600.v20240812-1535" url="features/org.eclipse.ecf.core.ssl.feature_1.1.600.v20240812-1535/">
		</feature>
		<feature id="org.eclipse.datatools.enablement.sap.feature" version="1.15.0.202311071249" url="features/org.eclipse.datatools.enablement.sap.feature_1.15.0.202311071249/" plugin-identifier="org.eclipse.datatools.enablement.finfo">
		</feature>
		<feature id="org.eclipse.datatools.sqldevtools.feature" version="1.16.0.202403060703" url="features/org.eclipse.datatools.sqldevtools.feature_1.16.0.202403060703/" plugin-identifier="org.eclipse.datatools.sqltools.common.ui">
		</feature>
		<feature id="org.eclipse.draw2d" version="3.22.0.202411181923" url="features/org.eclipse.draw2d_3.22.0.202411181923/">
		</feature>
		<feature id="org.eclipse.tm.terminal.connector.telnet.feature" version="11.6.1.202406241230" url="features/org.eclipse.tm.terminal.connector.telnet.feature_11.6.1.202406241230/">
		</feature>
		<feature id="org.eclipse.emf.codegen.ui" version="2.27.0.v20240911-1027" url="features/org.eclipse.emf.codegen.ui_2.27.0.v20240911-1027/">
		</feature>
		<feature id="org.eclipse.justj.epp" version="21.0.0.v20241024-0603" url="features/org.eclipse.justj.epp_21.0.0.v20241024-0603/">
		</feature>
		<feature id="org.eclipse.datatools.sqldevtools.schemaobjecteditor.feature" version="1.15.0.202311071249" url="features/org.eclipse.datatools.sqldevtools.schemaobjecteditor.feature_1.15.0.202311071249/">
		</feature>
		<feature id="org.eclipse.m2e.pde.feature" version="2.3.200.20241003-0434" url="features/org.eclipse.m2e.pde.feature_2.3.200.20241003-0434/" plugin-identifier="org.eclipse.m2e.core">
		</feature>
		<feature id="org.eclipse.tm.terminal.feature" version="11.6.1.202406241230" url="features/org.eclipse.tm.terminal.feature_11.6.1.202406241230/" plugin-identifier="org.eclipse.tm.terminal.view.core">
		</feature>
		<feature id="org.eclipse.epp.package.common.feature" version="4.34.0.20241128-0756" url="features/org.eclipse.epp.package.common.feature_4.34.0.20241128-0756/">
		</feature>
		<feature id="org.eclipse.e4.rcp" version="4.34.0.v20241113-2009" url="features/org.eclipse.e4.rcp_4.34.0.v20241113-2009/">
		</feature>
		<feature id="org.eclipse.jgit.ssh.apache" version="7.1.0.202411261347-r" url="features/org.eclipse.jgit.ssh.apache_7.1.0.202411261347-r/">
		</feature>
		<feature id="org.eclipse.mylyn.builds.feature" version="4.5.0.v20241002-1142" url="features/org.eclipse.mylyn.builds.feature_4.5.0.v20241002-1142/" plugin-identifier="org.eclipse.mylyn.builds.core">
		</feature>
		<feature id="org.eclipse.jgit.gpg.bc" version="7.1.0.202411261347-r" url="features/org.eclipse.jgit.gpg.bc_7.1.0.202411261347-r/">
		</feature>
		<feature id="org.eclipse.mylyn.tasks.feature" version="4.5.0.v20241002-1142" url="features/org.eclipse.mylyn.tasks.feature_4.5.0.v20241002-1142/" plugin-identifier="org.eclipse.mylyn.tasks.core">
		</feature>
		<feature id="org.eclipse.wst.xsl.feature" version="1.3.1800.v202409142305" url="features/org.eclipse.wst.xsl.feature_1.3.1800.v202409142305/" plugin-identifier="org.eclipse.wst.xsl">
		</feature>
		<feature id="org.eclipse.help" version="2.3.2000.v20241120-1800" url="features/org.eclipse.help_2.3.2000.v20241120-1800/" plugin-identifier="org.eclipse.help.base">
		</feature>
		<feature id="org.eclipse.jpt.common.feature" version="1.5.200.v202308172102" url="features/org.eclipse.jpt.common.feature_1.5.200.v202308172102/" plugin-identifier="org.eclipse.jpt.common.branding">
		</feature>
		<feature id="org.eclipse.userstorage" version="1.2.0.v20210517-0327" url="features/org.eclipse.userstorage_1.2.0.v20210517-0327/">
		</feature>
		<feature id="org.eclipse.datatools.sqldevtools.data.feature" version="1.15.0.202311071249" url="features/org.eclipse.datatools.sqldevtools.data.feature_1.15.0.202311071249/">
		</feature>
		<feature id="org.eclipse.emf.edit.ui" version="2.27.0.v20241015-0644" url="features/org.eclipse.emf.edit.ui_2.27.0.v20241015-0644/">
		</feature>
		<feature id="org.eclipse.ecf.filetransfer.httpclient5.feature" version="1.1.702.v20240808-1900" url="features/org.eclipse.ecf.filetransfer.httpclient5.feature_1.1.702.v20240808-1900/">
		</feature>
		<feature id="org.eclipse.wst.common_core.feature" version="3.36.0.v202409282003" url="features/org.eclipse.wst.common_core.feature_3.36.0.v202409282003/">
		</feature>
		<feature id="org.eclipse.jpt.jaxb.feature" version="1.5.201.v202301061019" url="features/org.eclipse.jpt.jaxb.feature_1.5.201.v202301061019/" plugin-identifier="org.eclipse.jpt.jaxb.branding">
		</feature>
		<feature id="org.eclipse.mylyn.jdt.feature" version="4.5.0.v20241002-1142" url="features/org.eclipse.mylyn.jdt.feature_4.5.0.v20241002-1142/" plugin-identifier="org.eclipse.mylyn.context.core">
		</feature>
		<feature id="org.eclipse.datatools.modelbase.feature" version="1.15.0.202311071249" url="features/org.eclipse.datatools.modelbase.feature_1.15.0.202311071249/" plugin-identifier="org.eclipse.datatools.modelbase.sql">
		</feature>
		<feature id="org.eclipse.tips.feature" version="0.4.500.v20241014-2054" url="features/org.eclipse.tips.feature_0.4.500.v20241014-2054/">
		</feature>
		<feature id="org.eclipse.wst.xml_core.feature" version="3.36.0.v202409282004" url="features/org.eclipse.wst.xml_core.feature_3.36.0.v202409282004/">
		</feature>
		<feature id="org.eclipse.gef" version="3.22.0.202411181923" url="features/org.eclipse.gef_3.22.0.202411181923/">
		</feature>
		<feature id="org.eclipse.datatools.enablement.feature" version="1.15.0.202311071249" url="features/org.eclipse.datatools.enablement.feature_1.15.0.202311071249/" plugin-identifier="org.eclipse.datatools.enablement.finfo">
		</feature>
		<feature id="org.eclipse.datatools.sqldevtools.sqlbuilder.feature" version="1.16.0.202403060703" url="features/org.eclipse.datatools.sqldevtools.sqlbuilder.feature_1.16.0.202403060703/">
		</feature>
		<feature id="org.eclipse.datatools.connectivity.oda.designer.core.feature" version="1.16.0.202311071345" url="features/org.eclipse.datatools.connectivity.oda.designer.core.feature_1.16.0.202311071345/" plugin-identifier="org.eclipse.datatools.connectivity.oda.design.ui">
		</feature>
		<feature id="org.eclipse.datatools.enablement.jdt.feature" version="1.15.0.202311071249" url="features/org.eclipse.datatools.enablement.jdt.feature_1.15.0.202311071249/" plugin-identifier="org.eclipse.datatools.enablement.jdt.classpath">
		</feature>
		<feature id="org.eclipse.jst.server_adapters.ext.feature" version="3.4.1200.v202409240221" url="features/org.eclipse.jst.server_adapters.ext.feature_3.4.1200.v202409240221/">
		</feature>
		<feature id="org.eclipse.m2e.feature" version="2.7.0.20241126-1642" url="features/org.eclipse.m2e.feature_2.7.0.20241126-1642/" plugin-identifier="org.eclipse.m2e.core">
		</feature>
		<feature id="org.eclipse.mylyn.egit.feature" version="4.5.0.v20241002-1142" url="features/org.eclipse.mylyn.egit.feature_4.5.0.v20241002-1142/" plugin-identifier="org.eclipse.mylyn.tasks.core">
		</feature>
		<feature id="org.eclipse.buildship" version="3.1.10.v20240802-1314" url="features/org.eclipse.buildship_3.1.10.v20240802-1314/" plugin-identifier="org.eclipse.buildship.branding">
		</feature>
		<feature id="org.eclipse.jst.server_adapters.feature" version="3.35.0.v202408152039" url="features/org.eclipse.jst.server_adapters.feature_3.35.0.v202408152039/">
		</feature>
		<feature id="org.eclipse.jst.ws.jaxws.dom.feature" version="1.0.600.v202308010354" url="features/org.eclipse.jst.ws.jaxws.dom.feature_1.0.600.v202308010354/">
		</feature>
		<feature id="org.eclipse.jpt.common.eclipselink.feature" version="1.3.400.v202404202240" url="features/org.eclipse.jpt.common.eclipselink.feature_1.3.400.v202404202240/" plugin-identifier="org.eclipse.jpt.common.eclipselink.branding">
		</feature>
		<feature id="org.eclipse.tm.terminal.view.feature" version="11.6.1.202406241230" url="features/org.eclipse.tm.terminal.view.feature_11.6.1.202406241230/" plugin-identifier="org.eclipse.tm.terminal.view.ui">
		</feature>
		<feature id="org.eclipse.datatools.sqldevtools.ddl.feature" version="1.15.0.202311071249" url="features/org.eclipse.datatools.sqldevtools.ddl.feature_1.15.0.202311071249/">
		</feature>
		<feature id="org.eclipse.m2e.wtp.jsf.feature" version="1.6.1.20231024-1618" url="features/org.eclipse.m2e.wtp.jsf.feature_1.6.1.20231024-1618/" plugin-identifier="org.eclipse.m2e.wtp.jsf">
		</feature>
		<feature id="org.eclipse.datatools.enablement.sqlite.feature" version="1.15.0.202311071249" url="features/org.eclipse.datatools.enablement.sqlite.feature_1.15.0.202311071249/" plugin-identifier="org.eclipse.datatools.enablement.finfo">
		</feature>
		<feature id="org.eclipse.jst.server_core.feature" version="3.4.700.v202405180431" url="features/org.eclipse.jst.server_core.feature_3.4.700.v202405180431/">
		</feature>
		<feature id="org.eclipse.jst.webpageeditor.feature" version="2.12.100.v202406180217" url="features/org.eclipse.jst.webpageeditor.feature_2.12.100.v202406180217/">
		</feature>
		<feature id="org.eclipse.platform" version="4.34.0.v20241120-1800" url="features/org.eclipse.platform_4.34.0.v20241120-1800/">
		</feature>
		<feature id="org.eclipse.equinox.p2.extras.feature" version="1.4.2600.v20241019-1812" url="features/org.eclipse.equinox.p2.extras.feature_1.4.2600.v20241019-1812/">
		</feature>
		<feature id="org.eclipse.datatools.doc.user" version="1.16.0.202311071249" url="features/org.eclipse.datatools.doc.user_1.16.0.202311071249/">
		</feature>
		<feature id="org.eclipse.datatools.enablement.apache.derby.feature" version="1.15.0.202311071249" url="features/org.eclipse.datatools.enablement.apache.derby.feature_1.15.0.202311071249/" plugin-identifier="org.eclipse.datatools.enablement.sybase">
		</feature>
		<feature id="org.eclipse.emf.databinding" version="1.12.0.v20240604-0832" url="features/org.eclipse.emf.databinding_1.12.0.v20240604-0832/">
		</feature>
		<feature id="org.eclipse.m2e.wtp.jpa.feature" version="1.6.1.20231024-1618" url="features/org.eclipse.m2e.wtp.jpa.feature_1.6.1.20231024-1618/" plugin-identifier="org.eclipse.m2e.wtp.jpa">
		</feature>
		<feature id="org.eclipse.tm4e.feature" version="0.14.0.202410282056" url="features/org.eclipse.tm4e.feature_0.14.0.202410282056/">
		</feature>
		<feature id="org.eclipse.jst.enterprise_userdoc.feature" version="3.23.0.v202309190220" url="features/org.eclipse.jst.enterprise_userdoc.feature_3.23.0.v202309190220/">
		</feature>
		<feature id="org.eclipse.mylyn.jenkins.feature" version="4.5.0.v20241002-1142" url="features/org.eclipse.mylyn.jenkins.feature_4.5.0.v20241002-1142/" plugin-identifier="org.eclipse.mylyn.builds.core">
		</feature>
		<feature id="org.eclipse.emf.mapping" version="2.16.0.v20240604-0832" url="features/org.eclipse.emf.mapping_2.16.0.v20240604-0832/">
		</feature>
		<feature id="org.eclipse.datatools.connectivity.oda.feature" version="1.15.0.202311071249" url="features/org.eclipse.datatools.connectivity.oda.feature_1.15.0.202311071249/" plugin-identifier="org.eclipse.datatools.connectivity.oda">
		</feature>
		<feature id="org.eclipse.datatools.enablement.sdk.feature" version="1.15.0.202311071249" url="features/org.eclipse.datatools.enablement.sdk.feature_1.15.0.202311071249/" plugin-identifier="org.eclipse.datatools.enablement.finfo">
		</feature>
		<feature id="org.eclipse.datatools.enablement.jdbc.feature" version="1.15.0.202311071249" url="features/org.eclipse.datatools.enablement.jdbc.feature_1.15.0.202311071249/" plugin-identifier="org.eclipse.datatools.enablement.sybase">
		</feature>
		<feature id="org.eclipse.datatools.enablement.postgresql.feature" version="1.15.0.202311071249" url="features/org.eclipse.datatools.enablement.postgresql.feature_1.15.0.202311071249/" plugin-identifier="org.eclipse.datatools.enablement.finfo">
		</feature>
		<feature id="org.eclipse.jpt.jaxb.eclipselink.feature" version="1.4.203.v202104080213" url="features/org.eclipse.jpt.jaxb.eclipselink.feature_1.4.203.v202104080213/" plugin-identifier="org.eclipse.jpt.jaxb.eclipselink.branding">
		</feature>
		<feature id="org.eclipse.jst.web_core.feature" version="3.35.0.v202408150414" url="features/org.eclipse.jst.web_core.feature_3.35.0.v202408150414/">
		</feature>
		<feature id="org.eclipse.emf" version="2.40.0.v20241018-1213" url="features/org.eclipse.emf_2.40.0.v20241018-1213/">
		</feature>
		<feature id="org.eclipse.emf.ecore.editor" version="2.20.0.v20240604-0832" url="features/org.eclipse.emf.ecore.editor_2.20.0.v20240604-0832/">
		</feature>
		<feature id="org.eclipse.emf.codegen" version="2.26.0.v20240911-1027" url="features/org.eclipse.emf.codegen_2.26.0.v20240911-1027/">
		</feature>
		<feature id="org.eclipse.oomph.p2" version="1.32.0.v20241111-0625" url="features/org.eclipse.oomph.p2_1.32.0.v20241111-0625/">
		</feature>
		<feature id="org.eclipse.datatools.enablement.hsqldb.feature" version="1.15.0.202311071249" url="features/org.eclipse.datatools.enablement.hsqldb.feature_1.15.0.202311071249/" plugin-identifier="org.eclipse.datatools.enablement.finfo">
		</feature>
		<feature id="org.eclipse.m2e.lemminx.feature" version="2.0.700.20240928-0605" url="features/org.eclipse.m2e.lemminx.feature_2.0.700.20240928-0605/">
		</feature>
		<feature id="org.eclipse.datatools.sqltools.doc.user" version="1.15.0.202311071249" url="features/org.eclipse.datatools.sqltools.doc.user_1.15.0.202311071249/">
		</feature>
		<feature id="org.eclipse.tm.terminal.connector.ssh.feature" version="11.6.1.202406241230" url="features/org.eclipse.tm.terminal.connector.ssh.feature_11.6.1.202406241230/" plugin-identifier="org.eclipse.tm.terminal.connector.ssh">
		</feature>
		<feature id="org.eclipse.wildwebdeveloper.feature" version="1.3.9.202411190713" url="features/org.eclipse.wildwebdeveloper.feature_1.3.9.202411190713/">
		</feature>
		<feature id="org.eclipse.ecf.filetransfer.ssl.feature" version="1.1.402.v20240812-1535" url="features/org.eclipse.ecf.filetransfer.ssl.feature_1.1.402.v20240812-1535/">
		</feature>
		<feature id="org.eclipse.pde" version="3.16.100.v20241120-1800" url="features/org.eclipse.pde_3.16.100.v20241120-1800/">
		</feature>
		<feature id="org.eclipse.emf.ecore.edit" version="2.17.0.v20240604-0832" url="features/org.eclipse.emf.ecore.edit_2.17.0.v20240604-0832/">
		</feature>
		<feature id="org.eclipse.jsf.feature" version="3.13.200.v202408212140" url="features/org.eclipse.jsf.feature_3.13.200.v202408212140/">
		</feature>
		<feature id="org.eclipse.mylyn.versions.feature" version="4.5.0.v20241002-1142" url="features/org.eclipse.mylyn.versions.feature_4.5.0.v20241002-1142/" plugin-identifier="org.eclipse.mylyn.versions.core">
		</feature>
		<feature id="org.eclipse.emf.mapping.ecore.editor" version="2.17.0.v20240604-0832" url="features/org.eclipse.emf.mapping.ecore.editor_2.17.0.v20240604-0832/">
		</feature>
		<feature id="org.eclipse.mylyn.wikitext.feature" version="4.5.0.v20241022-1702" url="features/org.eclipse.mylyn.wikitext.feature_4.5.0.v20241022-1702/" plugin-identifier="org.eclipse.mylyn.wikitext">
		</feature>
		<feature id="org.eclipse.jst.jsf.apache.trinidad.tagsupport.feature" version="2.8.0.v202307262303" url="features/org.eclipse.jst.jsf.apache.trinidad.tagsupport.feature_2.8.0.v202307262303/">
		</feature>
		<feature id="org.eclipse.mylyn.commons.feature" version="4.5.0.v20241002-1142" url="features/org.eclipse.mylyn.commons.feature_4.5.0.v20241002-1142/" plugin-identifier="org.eclipse.mylyn.commons.core">
		</feature>
		<feature id="org.eclipse.jst.web_ui.feature" version="3.35.0.v202408150414" url="features/org.eclipse.jst.web_ui.feature_3.35.0.v202408150414/">
		</feature>
		<feature id="org.eclipse.emf.edit" version="2.23.0.v20240604-0832" url="features/org.eclipse.emf.edit_2.23.0.v20240604-0832/">
		</feature>
		<feature id="org.eclipse.jst.ws.cxf.feature" version="1.1.1300.v202409291603" url="features/org.eclipse.jst.ws.cxf.feature_1.1.1300.v202409291603/" plugin-identifier="org.eclipse.jst.ws.cxf.core">
		</feature>
		<feature id="org.eclipse.mylyn.monitor.feature" version="4.5.0.v20241002-1142" url="features/org.eclipse.mylyn.monitor.feature_4.5.0.v20241002-1142/" plugin-identifier="org.eclipse.mylyn.commons.core">
		</feature>
		<feature id="org.eclipse.wst.common.fproj" version="3.7.4.v202308161955" url="features/org.eclipse.wst.common.fproj_3.7.4.v202308161955/" plugin-identifier="org.eclipse.wst.common.project.facet.core">
		</feature>
		<feature id="org.eclipse.jst.ws.jaxws.feature" version="1.2.1100.v202409291604" url="features/org.eclipse.jst.ws.jaxws.feature_1.2.1100.v202409291604/" plugin-identifier="org.eclipse.jst.ws.jaxws.core">
		</feature>
		<feature id="org.eclipse.datatools.intro" version="1.15.0.202311071249" url="features/org.eclipse.datatools.intro_1.15.0.202311071249/">
		</feature>
		<feature id="org.eclipse.jgit.http.apache" version="7.1.0.202411261347-r" url="features/org.eclipse.jgit.http.apache_7.1.0.202411261347-r/">
		</feature>
		<feature id="org.eclipse.jst.enterprise_core.feature" version="3.36.0.v202409282008" url="features/org.eclipse.jst.enterprise_core.feature_3.36.0.v202409282008/">
		</feature>
		<feature id="org.eclipse.datatools.enablement.mysql.feature" version="1.15.0.202311071249" url="features/org.eclipse.datatools.enablement.mysql.feature_1.15.0.202311071249/" plugin-identifier="org.eclipse.datatools.enablement.finfo">
		</feature>
		<feature id="org.eclipse.oomph.setup.core" version="1.32.0.v20241121-1452" url="features/org.eclipse.oomph.setup.core_1.32.0.v20241121-1452/">
		</feature>
		<feature id="org.eclipse.m2e.wtp.jaxrs.feature" version="1.6.1.20231024-1618" url="features/org.eclipse.m2e.wtp.jaxrs.feature_1.6.1.20231024-1618/" plugin-identifier="org.eclipse.m2e.wtp.jaxrs">
		</feature>
		<feature id="org.eclipse.wst.ws_core.feature" version="3.35.0.v202408150414" url="features/org.eclipse.wst.ws_core.feature_3.35.0.v202408150414/">
		</feature>
		<feature id="org.eclipse.mylyn.commons.activity.feature" version="4.5.0.v20241002-1142" url="features/org.eclipse.mylyn.commons.activity.feature_4.5.0.v20241002-1142/" plugin-identifier="org.eclipse.mylyn.tasks.activity.ui">
		</feature>
		<feature id="org.eclipse.emf.converter" version="2.22.0.v20240911-1442" url="features/org.eclipse.emf.converter_2.22.0.v20240911-1442/">
		</feature>
		<feature id="org.eclipse.emf.mapping.ecore" version="2.15.0.v20240604-0832" url="features/org.eclipse.emf.mapping.ecore_2.15.0.v20240604-0832/">
		</feature>
		<feature id="org.eclipse.wst.xml_userdoc.feature" version="3.18.0.v202004271556" url="features/org.eclipse.wst.xml_userdoc.feature_3.18.0.v202004271556/">
		</feature>
		<feature id="org.eclipse.datatools.sqldevtools.ddlgen.feature" version="1.16.0.202403060703" url="features/org.eclipse.datatools.sqldevtools.ddlgen.feature_1.16.0.202403060703/" plugin-identifier="org.eclipse.datatools.sqltools.ddlgen.ui">
		</feature>
		<feature id="org.eclipse.mylyn.commons.repositories.feature" version="4.5.0.v20241002-1142" url="features/org.eclipse.mylyn.commons.repositories.feature_4.5.0.v20241002-1142/" plugin-identifier="org.eclipse.mylyn.commons.core">
		</feature>
		<feature id="org.eclipse.ecf.filetransfer.httpclientjava.feature" version="2.0.200.v20240808-1900" url="features/org.eclipse.ecf.filetransfer.httpclientjava.feature_2.0.200.v20240808-1900/">
		</feature>
		<feature id="org.eclipse.equinox.p2.rcp.feature" version="1.4.2600.v20241019-1812" url="features/org.eclipse.equinox.p2.rcp.feature_1.4.2600.v20241019-1812/">
		</feature>
		<feature id="org.eclipse.jst.web_js_support.feature" version="3.32.0.v202309190220" url="features/org.eclipse.jst.web_js_support.feature_3.32.0.v202309190220/">
		</feature>
		<feature id="org.eclipse.mylyn.pde.feature" version="4.5.0.v20241002-1142" url="features/org.eclipse.mylyn.pde.feature_4.5.0.v20241002-1142/" plugin-identifier="org.eclipse.mylyn.context.core">
		</feature>
		<feature id="org.eclipse.rcp" version="4.34.0.v20241120-1800" url="features/org.eclipse.rcp_4.34.0.v20241120-1800/">
		</feature>
		<feature id="org.eclipse.wildwebdeveloper.xml.feature" version="1.3.6.202409052135" url="features/org.eclipse.wildwebdeveloper.xml.feature_1.3.6.202409052135/">
		</feature>
		<feature id="org.eclipse.datatools.enablement.oda.feature" version="1.15.0.202311071249" url="features/org.eclipse.datatools.enablement.oda.feature_1.15.0.202311071249/" plugin-identifier="org.eclipse.datatools.enablement.oda.xml">
		</feature>
		<feature id="org.eclipse.datatools.sqldevtools.results.feature" version="1.15.0.202311071249" url="features/org.eclipse.datatools.sqldevtools.results.feature_1.15.0.202311071249/">
		</feature>
		<feature id="org.eclipse.wst.server_adapters.feature" version="3.35.0.v202408161416" url="features/org.eclipse.wst.server_adapters.feature_3.35.0.v202408161416/">
		</feature>
	</site>
</config>
