<?xml version="1.0" encoding="UTF-8"?>
<feature
      id="org.eclipse.datatools.enablement.oda.designer.feature"
      label="%featureName"
      version="1.15.0.202311071249"
      provider-name="%providerName"
      plugin="org.eclipse.datatools.enablement.oda.xml.ui">

   <description>
      %description
   </description>

   <copyright>
      %featureCopyright
   </copyright>

   <license url="%licenseURL">
      %license
   </license>

   <requires>
      <import feature="org.eclipse.datatools.connectivity.oda.designer.feature" version="1.13.0" match="greaterOrEqual"/>
      <import feature="org.eclipse.datatools.enablement.oda.feature" version="1.13.0" match="greaterOrEqual"/>
   </requires>

   <plugin
         id="org.eclipse.datatools.enablement.oda.ws.ui"
         download-size="115"
         install-size="233"
         version="1.5.0.202311071249"
         unpack="false"/>

   <plugin
         id="org.eclipse.datatools.enablement.oda.xml.ui"
         download-size="218"
         install-size="436"
         version="1.5.0.202311071249"
         unpack="false"/>

   <plugin
         id="org.eclipse.datatools.connectivity.oda.flatfile.ui"
         download-size="109"
         install-size="217"
         version="3.4.0.202311071249"
         unpack="false"/>

</feature>
