<?xml version="1.0" encoding="UTF-8"?>
<feature
      id="org.eclipse.datatools.enablement.ibm.feature"
      label="%featureName"
      version="1.15.0.202311071249"
      provider-name="%providerName"
      plugin="org.eclipse.datatools.enablement.ibm">

   <description>
      %description
   </description>

   <copyright>
      %featureCopyright
   </copyright>

   <license url="%licenseURL">
      %license
   </license>

   <requires>
      <import feature="org.eclipse.datatools.modelbase.feature" version="1.13.0" match="greaterOrEqual"/>
      <import feature="org.eclipse.datatools.connectivity.feature" version="1.13.0" match="greaterOrEqual"/>
      <import feature="org.eclipse.datatools.enablement.jdbc.feature" version="1.13.0" match="greaterOrEqual"/>
   </requires>

   <plugin
         id="org.eclipse.datatools.enablement.ibm"
         download-size="301"
         install-size="709"
         version="1.3.0.202311071249"
         unpack="false"/>

   <plugin
         id="org.eclipse.datatools.enablement.ibm.db2"
         download-size="293"
         install-size="697"
         version="1.3.0.202311071249"
         unpack="false"/>

   <plugin
         id="org.eclipse.datatools.enablement.ibm.db2.iseries.dbdefinition"
         download-size="24"
         install-size="87"
         version="1.3.0.202311071249"
         unpack="false"/>

   <plugin
         id="org.eclipse.datatools.enablement.ibm.db2.iseries"
         download-size="22"
         install-size="43"
         version="1.3.0.202311071249"
         unpack="false"/>

   <plugin
         id="org.eclipse.datatools.enablement.ibm.db2.iseries.ui"
         download-size="37"
         install-size="71"
         version="1.3.0.202311071249"
         unpack="false"/>

   <plugin
         id="org.eclipse.datatools.enablement.ibm.db2.luw.dbdefinition"
         download-size="69"
         install-size="413"
         version="1.3.0.202311071249"
         unpack="false"/>

   <plugin
         id="org.eclipse.datatools.enablement.ibm.db2.luw"
         download-size="845"
         install-size="2085"
         version="1.3.0.202311071249"
         unpack="false"/>

   <plugin
         id="org.eclipse.datatools.enablement.ibm.db2.luw.ui"
         download-size="44"
         install-size="88"
         version="1.3.0.202311071249"
         unpack="false"/>

   <plugin
         id="org.eclipse.datatools.enablement.ibm.db2.zseries.dbdefinition"
         download-size="41"
         install-size="206"
         version="1.3.0.202311071249"
         unpack="false"/>

   <plugin
         id="org.eclipse.datatools.enablement.ibm.db2.zseries"
         download-size="23"
         install-size="42"
         version="1.3.0.202311071249"
         unpack="false"/>

   <plugin
         id="org.eclipse.datatools.enablement.ibm.db2.zseries.ui"
         download-size="30"
         install-size="58"
         version="1.3.0.202311071249"
         unpack="false"/>

   <plugin
         id="org.eclipse.datatools.enablement.ibm.informix.dbdefinition"
         download-size="37"
         install-size="176"
         version="1.3.0.202311071249"
         unpack="false"/>

   <plugin
         id="org.eclipse.datatools.enablement.ibm.informix"
         download-size="21"
         install-size="54"
         version="1.3.0.202311071249"
         unpack="false"/>

   <plugin
         id="org.eclipse.datatools.enablement.ibm.informix.ui"
         download-size="31"
         install-size="64"
         version="1.3.0.202311071249"
         unpack="false"/>

   <plugin
         id="org.eclipse.datatools.enablement.ibm.ui"
         download-size="25"
         install-size="46"
         version="1.3.0.202311071249"
         unpack="false"/>

</feature>
