<?xml version="1.0" encoding="UTF-8"?>
<feature
      id="org.eclipse.datatools.modelbase.feature"
      label="%featureName"
      version="1.15.0.202311071249"
      provider-name="%providerName"
      plugin="org.eclipse.datatools.modelbase.sql">

   <description>
      %description
   </description>

   <copyright>
      %featureCopyright
   </copyright>

   <license url="%licenseURL">
      %license
   </license>

   <requires>
      <import feature="org.eclipse.emf" version="2.4.0" match="greaterOrEqual"/>
   </requires>

   <plugin
         id="org.eclipse.datatools.modelbase.dbdefinition"
         download-size="174"
         install-size="456"
         version="1.3.0.202311071249"
         unpack="false"/>

   <plugin
         id="org.eclipse.datatools.modelbase.sql.edit"
         download-size="280"
         install-size="558"
         version="1.3.0.202311071249"
         unpack="false"/>

   <plugin
         id="org.eclipse.datatools.modelbase.sql.query"
         download-size="636"
         install-size="2415"
         version="1.4.0.202311071249"
         unpack="false"/>

   <plugin
         id="org.eclipse.datatools.modelbase.sql.query.edit"
         download-size="210"
         install-size="450"
         version="1.3.0.202311071249"
         unpack="false"/>

   <plugin
         id="org.eclipse.datatools.modelbase.sql.xml.query"
         download-size="262"
         install-size="729"
         version="1.3.0.202311071249"
         unpack="false"/>

   <plugin
         id="org.eclipse.datatools.modelbase.sql"
         download-size="573"
         install-size="2163"
         version="1.3.0.202311071249"
         unpack="false"/>

</feature>
