<?xml version="1.0" encoding="UTF-8"?>
<feature
      id="org.eclipse.jst.web_ui.feature"
      label="%featureName"
      version="3.35.0.v202408150414"
      provider-name="%providerName">

   <description>
      %description
   </description>

   <copyright>
      %copyright
   </copyright>

   <license url="%licenseURL">
      %license
   </license>

   <requires>
      <import feature="org.eclipse.wst.ws_ui.feature"/>
      <import feature="org.eclipse.jst.web_userdoc.feature"/>
      <import feature="org.eclipse.jst.web_core.feature"/>
      <import plugin="org.eclipse.jst.common.annotations.ui"/>
      <import plugin="org.eclipse.jst.common.ui"/>
      <import plugin="org.eclipse.jst.jsp.ui"/>
      <import plugin="org.eclipse.jst.jsp.ui.infopop"/>
   </requires>

   <includes
         id="org.eclipse.jst.web_js_support.feature"
         version="3.32.0.v202309190220"
         optional="true"/>

</feature>
