<?xml version="1.0" encoding="UTF-8"?>
<feature
      id="org.eclipse.datatools.connectivity.feature"
      label="%featureName"
      version="1.16.0.202311071345"
      provider-name="%providerName"
      plugin="org.eclipse.datatools.connectivity">

   <description>
      %description
   </description>

   <copyright>
      %featureCopyright
   </copyright>

   <license url="%licenseURL">
      %license
   </license>

   <requires>
      <import feature="org.eclipse.datatools.modelbase.feature" version="1.13.0" match="greaterOrEqual"/>
   </requires>

   <plugin
         id="org.eclipse.datatools.connectivity.sqm.core.ui"
         download-size="348"
         install-size="731"
         version="1.5.0.202311071249"
         unpack="false"/>

   <plugin
         id="org.eclipse.datatools.connectivity.sqm.core"
         download-size="355"
         install-size="818"
         version="1.6.0.202311071345"
         unpack="false"/>

   <plugin
         id="org.eclipse.datatools.connectivity.sqm.server.ui"
         download-size="128"
         install-size="266"
         version="1.4.0.202311071249"
         unpack="false"/>

   <plugin
         id="org.eclipse.datatools.connectivity.ui.dse"
         download-size="87"
         install-size="193"
         version="1.4.0.202311071249"
         unpack="false"/>

   <plugin
         id="org.eclipse.datatools.connectivity.ui"
         download-size="578"
         install-size="1215"
         version="1.5.0.202311071249"
         unpack="false"/>

   <plugin
         id="org.eclipse.datatools.connectivity"
         download-size="275"
         install-size="609"
         version="1.15.0.202311071249"
         unpack="false"/>

   <plugin
         id="org.eclipse.datatools.help"
         download-size="22"
         install-size="44"
         version="1.8.0.202311071249"
         unpack="false"/>

   <plugin
         id="org.eclipse.datatools.connectivity.console.profile"
         download-size="34"
         install-size="65"
         version="1.3.0.202311071249"
         unpack="false"/>

</feature>
