<?xml version="1.0" encoding="UTF-8"?>
<feature
      id="org.eclipse.m2e.pde.feature"
      label="%featureName"
      version="2.3.200.20241003-0434"
      provider-name="%providerName"
      plugin="org.eclipse.m2e.core">

   <description>
      %description
   </description>

   <copyright>
      %copyright
   </copyright>

   <requires>
      <import plugin="org.eclipse.core.runtime" version="3.19.0" match="greaterOrEqual"/>
      <import plugin="org.eclipse.pde.ui" version="3.12.0" match="greaterOrEqual"/>
      <import plugin="org.eclipse.equinox.frameworkadmin" version="2.1.400" match="greaterOrEqual"/>
      <import plugin="org.eclipse.m2e.maven.runtime"/>
      <import plugin="org.eclipse.m2e.core"/>
      <import plugin="org.eclipse.jface"/>
   </requires>

   <plugin
         id="org.eclipse.m2e.pde.target"
         version="2.1.0.20241003-0434"/>

   <plugin
         id="org.eclipse.m2e.pde.ui"
         version="2.1.0.20241003-0434"/>

   <plugin
         id="org.eclipse.m2e.pde.connector"
         version="2.2.0.20241001-1350"/>

<license url="%licenseURL">
      %license
   </license></feature>
