<?xml version="1.0" encoding="UTF-8"?>
<feature
      id="org.eclipse.epp.mpc"
      label="%featureName"
      version="1.11.0.v20240709-1650"
      provider-name="%providerName"
      plugin="org.eclipse.epp.mpc.ui">

   <description url="http://www.eclipse.org/epp/mpc/">
      %description
   </description>

   <copyright>
      %copyright
   </copyright>

   <license url="%licenseURL">
      %license
   </license>

   <requires>
      <import feature="org.eclipse.equinox.p2.discovery.feature" version="1.0.0.v201004" match="compatible"/>
      <import feature="org.eclipse.userstorage" version="1.1.0" match="compatible"/>
   </requires>

   <plugin
         id="org.eclipse.epp.mpc.core"
         download-size="252"
         install-size="538"
         version="1.11.0.v20240709-1650"
         unpack="false"/>

   <plugin
         id="org.eclipse.epp.mpc.core.win32"
         os="win32"
         download-size="15"
         install-size="22"
         version="1.11.0.v20240709-0639"
         unpack="false"/>

   <plugin
         id="org.eclipse.epp.mpc.ui"
         download-size="609"
         install-size="1305"
         version="1.11.0.v20240709-0639"
         unpack="false"/>

   <plugin
         id="org.eclipse.epp.mpc.ui.css"
         download-size="25"
         install-size="41"
         version="1.11.0.v20240709-0639"
         unpack="false"/>

   <plugin
         id="org.eclipse.epp.mpc.help.ui"
         download-size="753"
         install-size="784"
         version="1.11.0.v20240709-0639"
         unpack="false"/>

</feature>
