<?xml version="1.0" encoding="UTF-8"?>
<feature
      id="org.eclipse.datatools.sqldevtools.feature"
      label="%featureName"
      version="1.16.0.202403060703"
      provider-name="%providerName"
      plugin="org.eclipse.datatools.sqltools.common.ui">

   <description>
      %description
   </description>

   <copyright>
      %featureCopyright
   </copyright>

   <license url="%licenseURL">
      %license
   </license>

   <requires>
      <import feature="org.eclipse.gef" version="3.4.0" match="greaterOrEqual"/>
      <import feature="org.eclipse.datatools.sqldevtools.results.feature" version="1.14.101" match="greaterOrEqual"/>
      <import feature="org.eclipse.datatools.sqldevtools.ddlgen.feature"/>
      <import feature="org.eclipse.datatools.modelbase.feature" version="1.13.0" match="greaterOrEqual"/>
      <import feature="org.eclipse.datatools.connectivity.feature" version="1.13.0" match="greaterOrEqual"/>
      <import feature="org.eclipse.datatools.doc.user" version="1.13.0" match="greaterOrEqual"/>
      <import feature="org.eclipse.datatools.enablement.jdbc.feature" version="1.13.0" match="greaterOrEqual"/>
   </requires>

   <plugin
         id="org.eclipse.datatools.sqltools.common.ui"
         download-size="232"
         install-size="449"
         version="1.3.0.202311071249"
         unpack="false"/>

   <plugin
         id="org.eclipse.datatools.sqltools.debugger.core"
         download-size="60"
         install-size="125"
         version="1.3.0.202311071249"
         unpack="false"/>

   <plugin
         id="org.eclipse.datatools.sqltools.editor.core"
         download-size="196"
         install-size="404"
         version="1.3.0.202311071249"
         unpack="false"/>

   <plugin
         id="org.eclipse.datatools.sqltools.plan"
         download-size="137"
         install-size="273"
         version="1.3.0.202311071249"
         unpack="false"/>

   <plugin
         id="org.eclipse.datatools.sqltools.routineeditor"
         download-size="55"
         install-size="110"
         version="1.3.0.202311071249"
         unpack="false"/>

   <plugin
         id="org.eclipse.datatools.sqltools.sql"
         download-size="97"
         install-size="169"
         version="1.3.0.202311071249"
         unpack="false"/>

   <plugin
         id="org.eclipse.datatools.sqltools.sqleditor"
         download-size="476"
         install-size="1009"
         version="1.4.0.202403060703"
         unpack="false"/>

   <plugin
         id="org.eclipse.datatools.sqltools.sqlscrapbook"
         download-size="147"
         install-size="315"
         version="1.3.0.202311071249"
         unpack="false"/>

   <plugin
         id="org.eclipse.datatools.help"
         download-size="22"
         install-size="44"
         version="1.8.0.202311071249"
         unpack="false"/>

   <plugin
         id="org.eclipse.datatools.sqltools.db.generic"
         download-size="144"
         install-size="360"
         version="1.3.0.202311071249"
         unpack="false"/>

   <plugin
         id="org.eclipse.datatools.sqltools.debugger.core.ui"
         download-size="87"
         install-size="187"
         version="1.3.0.202311071249"
         unpack="false"/>

   <plugin
         id="org.eclipse.datatools.sqltools.editor.core.ui"
         download-size="52"
         install-size="104"
         version="1.3.0.202311071249"
         unpack="false"/>

   <plugin
         id="org.eclipse.datatools.sqltools.result.ui"
         download-size="381"
         install-size="814"
         version="1.4.0.202311071249"
         unpack="false"/>

   <plugin
         id="org.eclipse.datatools.sqltools.routineeditor.ui"
         download-size="172"
         install-size="379"
         version="1.3.0.202311071249"
         unpack="false"/>

   <plugin
         id="org.eclipse.datatools.sqltools.sql.ui"
         download-size="36"
         install-size="70"
         version="1.3.0.202311071249"
         unpack="false"/>

</feature>
