<?xml version="1.0" encoding="UTF-8"?>
<feature
      id="org.eclipse.datatools.sqldevtools.results.feature"
      label="%featureName"
      version="1.15.0.202311071249"
      provider-name="%providerName">

   <description>
      %description
   </description>

   <copyright>
      %featureCopyright
   </copyright>

   <license url="%licenseURL">
      %license
   </license>

   <requires>
      <import feature="org.eclipse.datatools.modelbase.feature" version="1.13.0" match="greaterOrEqual"/>
      <import feature="org.eclipse.datatools.connectivity.feature" version="1.13.0" match="greaterOrEqual"/>
      <import feature="org.eclipse.datatools.doc.user" version="1.13.0" match="greaterOrEqual"/>
   </requires>

   <plugin
         id="org.eclipse.datatools.sqltools.common.ui"
         download-size="232"
         install-size="449"
         version="1.3.0.202311071249"
         unpack="false"/>

   <plugin
         id="org.eclipse.datatools.sqltools.result"
         download-size="99"
         install-size="194"
         version="1.4.0.202311071249"
         unpack="false"/>

   <plugin
         id="org.eclipse.datatools.connectivity"
         download-size="275"
         install-size="609"
         version="1.15.0.202311071249"
         unpack="false"/>

</feature>
