<?xml version="1.0" encoding="UTF-8"?>
<feature
      id="org.eclipse.jst.ws.cxf.feature"
      label="%featureName"
      version="1.1.1300.v202409291603"
      provider-name="%featureProvider"
      plugin="org.eclipse.jst.ws.cxf.core"
      image="eclipse_update_120.jpg">

   <description>
      %description
   </description>

   <copyright>
      %copyright
   </copyright>

   <license url="%licenseURL">
      %license
   </license>

   <requires>
      <import feature="org.eclipse.jst.ws.jaxws_userdoc.feature"/>
   </requires>

   <plugin
         id="org.jdom"
         download-size="163"
         install-size="321"
         version="1.1.3.v20230812-1600"
         unpack="false"/>

   <plugin
         id="org.eclipse.jst.ws.cxf.consumption.core"
         download-size="31"
         install-size="60"
         version="1.1.0.v202308010145"
         unpack="false"/>

   <plugin
         id="org.eclipse.jst.ws.cxf.consumption.ui"
         download-size="42"
         install-size="96"
         version="1.1.0.v202308010229"
         unpack="false"/>

   <plugin
         id="org.eclipse.jst.ws.cxf.core"
         download-size="139"
         install-size="316"
         version="1.2.0.v202308010145"
         unpack="false"/>

   <plugin
         id="org.eclipse.jst.ws.cxf.creation.core"
         download-size="56"
         install-size="122"
         version="1.2.0.v202311232240"
         unpack="false"/>

   <plugin
         id="org.eclipse.jst.ws.cxf.creation.ui"
         download-size="98"
         install-size="223"
         version="1.1.0.v202308010145"
         unpack="false"/>

   <plugin
         id="org.eclipse.jst.ws.cxf.ui"
         download-size="166"
         install-size="333"
         version="1.1.0.v202308010145"
         unpack="false"/>

   <plugin
         id="javax.wsdl"
         download-size="172"
         install-size="333"
         version="1.6.2.v201012040545"
         unpack="false"/>

   <plugin
         id="javax.jws"
         download-size="23"
         install-size="44"
         version="2.0.0.v201005080400"
         unpack="false"/>

   <plugin
         id="jakarta.xml.bind"
         download-size="133"
         install-size="256"
         version="2.3.3.v20201118-1818"
         unpack="false"/>

   <plugin
         id="javax.xml.ws"
         download-size="59"
         install-size="102"
         version="2.1.0.v200902101523"
         unpack="false"/>

</feature>
