<?xml version="1.0" encoding="UTF-8"?>
<feature
      id="org.eclipse.datatools.sqldevtools.parsers.feature"
      label="%featureName"
      version="1.16.0.202311071638"
      provider-name="%providerName"
      plugin="org.eclipse.datatools.sqltools.parsers.sql">

   <description>
      %description
   </description>

   <copyright>
      %featureCopyright
   </copyright>

   <license url="%licenseURL">
      %license
   </license>

   <requires>
      <import feature="org.eclipse.datatools.modelbase.feature" version="1.13.0" match="greaterOrEqual"/>
   </requires>

   <plugin
         id="org.eclipse.datatools.sqltools.parsers.sql.lexer"
         download-size="228"
         install-size="537"
         version="1.4.0.202311071638"
         unpack="false"/>

   <plugin
         id="org.eclipse.datatools.sqltools.parsers.sql.query"
         download-size="316"
         install-size="760"
         version="1.5.0.202311071249"
         unpack="false"/>

   <plugin
         id="org.eclipse.datatools.sqltools.parsers.sql.xml.query"
         download-size="279"
         install-size="631"
         version="1.3.0.202311071249"
         unpack="false"/>

   <plugin
         id="org.eclipse.datatools.sqltools.parsers.sql"
         download-size="55"
         install-size="104"
         version="1.3.0.202311071249"
         unpack="false"/>

</feature>
