<?xml version="1.0" encoding="UTF-8"?>
<!--
    Copyright (c) 2010, 2024 Tasktop Technologies and others.
 
    This program and the accompanying materials are made available under the
    terms of the Eclipse Public License v. 2.0 which is available at
    https://www.eclipse.org/legal/epl-2.0
 
    SPDX-License-Identifier: EPL-2.0

    Contributors:
         Tasktop Technologies - initial API and implementation
         ArSysOp - ongoing support
 -->
<feature
      id="org.eclipse.mylyn.builds.feature"
      label="%featureName"
      version="4.5.0.v20241002-1142"
      provider-name="%providerName"
      plugin="org.eclipse.mylyn.builds.core">

   <description url="https://eclipse.org/mylyn">
      %description
   </description>

   <copyright>
      %copyright
   </copyright>

   <license url="%licenseURL">
      %license
   </license>

   <requires>
      <import feature="org.eclipse.mylyn.tasks.feature" version="4.5.0" match="compatible"/>
      <import feature="org.eclipse.mylyn.team.feature" version="4.5.0" match="compatible"/>
      <import feature="org.eclipse.mylyn.versions.feature" version="4.5.0" match="compatible"/>
   </requires>

   <plugin
         id="org.eclipse.mylyn.builds.core"
         download-size="211"
         install-size="475"
         version="4.5.0.v20241002-1142"
         unpack="false"/>

   <plugin
         id="org.eclipse.mylyn.builds.ui"
         download-size="343"
         install-size="697"
         version="4.5.0.v20241002-1142"
         unpack="false"/>

</feature>
