<?xml version="1.0" encoding="UTF-8"?>
<feature
      id="org.eclipse.datatools.connectivity.oda.designer.feature"
      label="%featureName"
      version="1.15.0.202311071249"
      provider-name="%providerName"
      plugin="org.eclipse.datatools.connectivity.oda.design.ui">

   <description>
      %description
   </description>

   <copyright>
      %featureCopyright
   </copyright>

   <license url="%licenseURL">
      %license
   </license>

   <requires>
      <import feature="org.eclipse.pde" version="3.4.0" match="greaterOrEqual"/>
      <import feature="org.eclipse.datatools.connectivity.oda.designer.core.feature" version="1.13.0" match="greaterOrEqual"/>
   </requires>

   <plugin
         id="org.eclipse.datatools.connectivity.oda.template.ui"
         download-size="58"
         install-size="139"
         version="3.5.0.202311071249"
         unpack="false"/>

</feature>
