<?xml version="1.0" encoding="UTF-8"?>
<feature
      id="org.eclipse.datatools.enablement.msft.feature"
      label="%featureName"
      version="1.16.0.202311071307"
      provider-name="%providerName"
      plugin="org.eclipse.datatools.enablement.finfo">

   <description>
      %description
   </description>

   <copyright>
      %featureCopyright
   </copyright>

   <license url="%licenseURL">
      %license
   </license>

   <requires>
      <import feature="org.eclipse.datatools.modelbase.feature" version="1.13.0" match="greaterOrEqual"/>
      <import feature="org.eclipse.datatools.connectivity.feature" version="1.13.0" match="greaterOrEqual"/>
      <import feature="org.eclipse.datatools.enablement.jdbc.feature" version="1.13.0" match="greaterOrEqual"/>
   </requires>

   <plugin
         id="org.eclipse.datatools.enablement.msft.sqlserver.dbdefinition"
         download-size="45"
         install-size="231"
         version="1.3.0.202311071249"
         unpack="false"/>

   <plugin
         id="org.eclipse.datatools.enablement.msft.sqlserver"
         download-size="89"
         install-size="216"
         version="1.4.0.202311071307"
         unpack="false"/>

   <plugin
         id="org.eclipse.datatools.enablement.msft.sqlserver.ui"
         download-size="49"
         install-size="101"
         version="1.3.0.202311071249"
         unpack="false"/>

   <plugin
         id="org.eclipse.datatools.enablement.finfo"
         download-size="16"
         install-size="25"
         version="1.8.0.202311071249"
         unpack="false"/>

</feature>
