<?xml version="1.0" encoding="UTF-8"?>
<feature
      id="org.eclipse.datatools.enablement.oda.feature"
      label="%featureName"
      version="1.15.0.202311071249"
      provider-name="%providerName"
      plugin="org.eclipse.datatools.enablement.oda.xml">

   <description>
      %description
   </description>

   <copyright>
      %featureCopyright
   </copyright>

   <license url="%licenseURL">
      %license
   </license>

   <requires>
      <import feature="org.eclipse.datatools.connectivity.oda.feature" version="1.13.0" match="greaterOrEqual"/>
   </requires>

   <plugin
         id="org.eclipse.datatools.enablement.oda.ws"
         download-size="74"
         install-size="151"
         version="1.5.0.202311071249"
         unpack="false"/>

   <plugin
         id="org.eclipse.datatools.enablement.oda.xml"
         download-size="127"
         install-size="244"
         version="1.5.0.202311071249"
         unpack="false"/>

   <plugin
         id="org.eclipse.datatools.connectivity.oda.flatfile"
         download-size="78"
         install-size="155"
         version="3.4.0.202311071249"
         unpack="false"/>

</feature>
