<?xml version="1.0" encoding="UTF-8"?>
<feature
      id="org.eclipse.jdt.bcoview.feature"
      label="Bytecode Outline View"
      version="1.2.600.v20240925-0753"
      provider-name="Eclipse.org">

   <description>
      Bytecode Outline View
   </description>

   <license url="%licenseURL">
      %license
   </license>

   <requires>
      <import plugin="org.eclipse.compare"/>
      <import plugin="org.eclipse.core.filesystem"/>
      <import plugin="org.eclipse.core.runtime"/>
      <import plugin="org.eclipse.debug.ui"/>
      <import plugin="org.eclipse.jdt.core" version="3.40.0" match="greaterOrEqual"/>
      <import plugin="org.eclipse.jdt.ui" version="3.33.100" match="greaterOrEqual"/>
      <import plugin="org.eclipse.jface.text"/>
      <import plugin="org.eclipse.ui"/>
      <import plugin="org.eclipse.ui.console"/>
      <import plugin="org.eclipse.ui.editors"/>
      <import plugin="org.eclipse.ui.ide"/>
      <import plugin="org.eclipse.ui.workbench.texteditor"/>
      <import plugin="org.objectweb.asm" version="9.4.0" match="greaterOrEqual"/>
      <import plugin="org.objectweb.asm.tree" version="9.4.0" match="greaterOrEqual"/>
      <import plugin="org.objectweb.asm.tree.analysis" version="9.4.0" match="greaterOrEqual"/>
      <import plugin="org.objectweb.asm.util" version="9.4.0" match="greaterOrEqual"/>
   </requires>

   <plugin
         id="org.eclipse.jdt.bcoview"
         version="1.2.600.v20240925-0753"/>

</feature>
