<?xml version="1.0" encoding="UTF-8"?>
<feature
      id="org.eclipse.m2e.wtp.jaxrs.feature"
      label="%featureName"
      version="1.6.1.20231024-1618"
      provider-name="%providerName"
      plugin="org.eclipse.m2e.wtp.jaxrs">
   <install-handler/>

   <description>
      %description
   </description>

   <copyright>
      %copyright
   </copyright>

   <requires>
      <import feature="org.eclipse.platform" version="3.6.0" match="greaterOrEqual"/>
      <import feature="org.eclipse.rcp" version="3.6.0" match="greaterOrEqual"/>
      <import feature="org.eclipse.jdt" version="3.6.0" match="greaterOrEqual"/>
      <import feature="org.eclipse.wst.common.fproj" version="3.2.0" match="greaterOrEqual"/>
      <import feature="org.eclipse.jst.common.fproj.enablement.jdt" version="3.2.0" match="greaterOrEqual"/>
      <import feature="org.eclipse.m2e.feature" version="1.1.0" match="greaterOrEqual"/>
   </requires>

   <plugin
         id="org.eclipse.m2e.wtp.jaxrs"
         download-size="26"
         install-size="47"
         version="1.6.1.20231024-1618"
         unpack="false"/>

<license url="%licenseURL">
      %license
   </license></feature>
