<?xml version="1.0" encoding="UTF-8"?>
<feature
      id="org.eclipse.jgit"
      label="%featureName"
      version="7.1.0.202411261347-r"
      provider-name="%providerName">

   <description url="http://www.eclipse.org/jgit/">
      %description
   </description>

   <copyright>
      %copyright
   </copyright>

   <license url="%licenseURL">
      %license
   </license>

   <url>
      <update label="%updateSiteName" url="https://download.eclipse.org/egit/updates"/>
      <discovery label="%updateSiteName" url="https://download.eclipse.org/egit/updates"/>
   </url>

   <plugin
         id="org.eclipse.jgit"
         download-size="3160"
         install-size="6425"
         version="7.1.0.202411261347-r"
         unpack="false"/>

   <plugin
         id="org.eclipse.jgit.archive"
         download-size="29"
         install-size="58"
         version="7.1.0.202411261347-r"
         unpack="false"/>

</feature>
