<?xml version="1.0" encoding="UTF-8"?>
<feature
      id="org.eclipse.datatools.enablement.oracle.feature"
      label="%featureName"
      version="1.15.0.202311071249"
      provider-name="%providerName"
      plugin="org.eclipse.datatools.enablement.finfo">

   <description>
      %description
   </description>

   <copyright>
      %featureCopyright
   </copyright>

   <license url="%licenseURL">
      %license
   </license>

   <requires>
      <import feature="org.eclipse.datatools.modelbase.feature" version="1.13.0" match="greaterOrEqual"/>
      <import feature="org.eclipse.datatools.connectivity.feature" version="1.13.0" match="greaterOrEqual"/>
      <import feature="org.eclipse.datatools.enablement.jdbc.feature" version="1.13.0" match="greaterOrEqual"/>
   </requires>

   <plugin
         id="org.eclipse.datatools.enablement.oracle.dbdefinition"
         download-size="43"
         install-size="213"
         version="1.3.0.202311071249"
         unpack="false"/>

   <plugin
         id="org.eclipse.datatools.enablement.oracle"
         download-size="20"
         install-size="52"
         version="1.3.0.202311071249"
         unpack="false"/>

   <plugin
         id="org.eclipse.datatools.enablement.oracle.ui"
         download-size="31"
         install-size="65"
         version="1.3.0.202311071249"
         unpack="false"/>

   <plugin
         id="org.eclipse.datatools.enablement.finfo"
         download-size="16"
         install-size="25"
         version="1.8.0.202311071249"
         unpack="false"/>

</feature>
