<?xml version="1.0" encoding="UTF-8"?>
<feature
      id="org.eclipse.datatools.sqldevtools.data.feature"
      label="%featureName"
      version="1.15.0.202311071249"
      provider-name="%providerName">

   <description>
      %description
   </description>

   <copyright>
      %featureCopyright
   </copyright>

   <license url="%licenseURL">
      %license
   </license>

   <requires>
      <import feature="org.eclipse.datatools.modelbase.feature" version="1.13.0" match="greaterOrEqual"/>
      <import feature="org.eclipse.datatools.connectivity.feature" version="1.13.0" match="greaterOrEqual"/>
      <import feature="org.eclipse.datatools.sqldevtools.ddl.feature" version="1.13.0" match="greaterOrEqual"/>
   </requires>

   <plugin
         id="org.eclipse.datatools.sqltools.data.core"
         download-size="84"
         install-size="159"
         version="1.5.0.202311071249"
         unpack="false"/>

   <plugin
         id="org.eclipse.datatools.sqltools.data.ui"
         download-size="128"
         install-size="268"
         version="1.5.0.202311071249"
         unpack="false"/>

   <plugin
         id="org.eclipse.datatools.sqltools.tabledataeditor"
         download-size="40"
         install-size="80"
         version="1.3.0.202311071249"
         unpack="false"/>

   <plugin
         id="org.eclipse.datatools.sqltools.result.ui"
         download-size="381"
         install-size="814"
         version="1.4.0.202311071249"
         unpack="false"/>

   <plugin
         id="org.eclipse.datatools.sqltools.common.ui"
         download-size="232"
         install-size="449"
         version="1.3.0.202311071249"
         unpack="false"/>

</feature>
